{
  "collections": [
    {
      "id": 1,
      "type": "Lista",
      "title": "Video che ti piacciono",
      "subtitle": "video italiani",
      "date": 2024,
      "artwork": "https://misc.scdn.co/liked-songs/liked-songs-300.png",
      "items": [
        {
          "title": "Video 1",
          "length": 47
        },
        {
          "title": "Video 2",
          "length": 33
        },
        {
          "title": "Video 3",
          "length": 14
        },
        {
          "title": "Video 4",
          "length": 3
        }
      ]
    },
    {
      "id": 2,
      "type": "Lista",
      "title": "Javascript",
      "subtitle": "italia",
      "date": 2024,
      "items": [
        {
          "title": "Video 5",
          "length": 16
        },
        {
          "title": "Video 6",
          "length": 3
        },
        {
          "title": "Video 7",
          "length": 40
        },
        {
          "title": "Video 8",
          "length": 55
        }
      ]
    },
  {
      "id": 3,
      "type": "Videoclip Inglesi",
      "title": "Canzoni 2024",
      "date": 2024,
      "items": [
        {
          "title": "Video 9",
          "length": 1
        },
        {
          "title": "Video 10",
          "length": 5
        },
        {
          "title": "Video 11",
          "length": 4
        },
        {
          "title": "Video 12",
          "length": 2
        }
      ]
    }
  ]
}
