{
    "films": [
      {
        "title": "The Fast and the Furious",
        "release_year": 2001,
        "director": "Rob Cohen",
        "genre": ["Action", "Crime", "Thriller"],
        "plot": "Brian O'Conner (Paul Walker) è un agente della polizia di Los Angeles (LAPD), infiltrato con lo pseudonimo di Brian Spilner in una banda che opera nel settore delle gare clandestine. Il capo della banda è Dominic Toretto (Vin Diesel), un campione di gare di auto e criminale fuggitivo. Brian fa presto a conquistare la fiducia di Dom e la sorella di quest'ultimo, Mia. La banda ha bisogno di assalire e rapinare camion per riuscire a sostenere gli ingenti costi dei pezzi di ricambio e delle elaborazioni per i loro bolidi da corsa, il compito di O'Conner sarà quello di riuscire a incastrare i vertici dell'organizzazione. Qualcosa va storto e Brian, per salvare la vita ai suoi nuovi amici, è costretto a liberarli svelando il suo vero lavoro e perdendo la loro fiducia, inoltre nel far ciò diventa a sua volta ricercato.",
        "artwork": "https://i.ebayimg.com/images/g/WFsAAOSwlRdgWV~4/s-l1600.jpg"
      },
      {
        "title": "2 Fast 2 Furious",
        "release_year": 2003,
        "director": "John Singleton",
        "genre": ["Action", "Crime", "Thriller"],
        "plot": "Il film vede protagonisti Brian O'Conner e Roman Pearce, vecchi amici d'infanzia separati in seguito all'arresto di Pearce da parte della polizia per cui Brian lavorava. Loro dovranno entrare a far parte, sotto copertura, della squadra di Carter Verone, facoltoso ricercato dell'ONU che propone ai due una gara per testare la loro esperienza. Inoltre, 11 mesi prima si era infiltrata la bella Monica Fuentes, la quale finge di essere amante di Verone. Alla fine saranno scoperti tutti e tre e dovranno fuggire per riuscire a sopravvivere contando solo sui loro amici d'asfalto. All'interno della serie, la pellicola spiega le vicende vissute da Brian dopo aver lasciato fuggire Dominic Toretto.",
        "artwork": "https://www.spietati.it/wp-content/uploads/2003/12/2-fast-2-furious-ant-1024x768.jpg"
      },
      {
        "title": "The Fast and the Furious: Tokyo Drift",
        "release_year": 2006,
        "director": "Justin Lin",
        "genre": ["Action", "Crime", "Thriller"],
        "plot": "Sean Boswell è un ragazzo che cerca di affermarsi come pilota nelle corse automobilistiche illegali. Dopo l'ennesima corsa illegale, stavolta in un cantiere, la madre lo spedisce in Giappone da suo padre, un militare in carriera di stanza a Tokyo, per evitargli di finire in riformatorio. Etichettato come gaijin (straniero) ed emarginato poiché non conosce una parola di giapponese, non impiega molto a trovare come amico un ragazzo americano, Twinkie, che lo introduce nel mondo sotterraneo del drifting. Sean provoca il nipote di un boss locale, D.K., e viene da questi sfidato a una gara di drifting. Per vincere viene quindi addestrato da Han Lue, un ex membro del team di Dominic Toretto nonché socio di D.K.",
        "artwork": "https://pad.mymovies.it/filmclub/2006/06/129/locandina.jpg"
      },
      {
        "title": "Fast & Furious",
        "release_year": 2009,
        "director": "Justin Lin",
        "genre": ["Action", "Crime", "Thriller"],
        "plot": "Brian O'Conner, dopo essere stato reintegrato nell'FBI, torna nuovamente sotto copertura per infiltrarsi nella banda di un pericoloso trafficante di droga di Los Angeles noto come Braga. Per questa nuova missione Brian dovrà fare coppia proprio con colui che aveva ingannato cinque anni prima: Dominic Toretto. Dom, scoprendo la morte della sua fidanzata Letty (della quale è responsabile Fenix, scagnozzo di Braga), si prepara alla vendetta insieme a Brian. Dovranno quindi incastrare Braga con l'aiuto di un informatore, David Park, che li farà entrare nel giro delle corse clandestine. Ambientato tra Los Angeles e il deserto messicano, questo quarto capitolo della serie riporta insieme sullo schermo Vin Diesel, Paul Walker, Michelle Rodriguez, Jordana Brewster e Sung Kang nel ruolo di Han Lue.",
        "artwork": "https://i.ebayimg.com/images/g/u~kAAOSwdctj1rC~/s-l1200.jpg"
      },
      {
        "title": "Fast Five",
        "release_year": 2011,
        "director": "Justin Lin",
        "genre": ["Action", "Crime", "Thriller"],
        "plot": "Dopo aver impedito l'arrivo dell'autobus al carcere di massima sicurezza, Mia Toretto e l'ex agente federale Brian O'Conner scappano in Brasile liberando Dominic Toretto. Là, durante una rapina a un treno, rincontrano Vince (componente della banda di Toretto nel primo film della serie, nonché migliore amico sin d'infanzia di Dom) e scoprono che il mandante del furto è un ricco affarista di Rio De Janeiro, Hernan Reyes, interessato a recuperare un chip nascosto nell'autoradio di una macchina rubata precedentemente, la quale contiene tutti i dati dei suoi traffici illeciti da centinaia di milioni di dollari. A causa del furto al treno, Toretto e O'Conner vengono braccati dall'agente Luke Hobbs. Dom e Brian decidono di utilizzare le informazioni del chip per fare un ultimo colpo e derubare tutte le finanze di Reyes. Ma per compiere tutto questo hanno bisogno di formare una nuova squadra con i lori amici apparsi nei precedenti capitoli: Roman Pearce, Tej Parker, Han Lue, Gisele Yashar, Rico Santos, Tego Leo.",
        "artwork": "https://m.media-amazon.com/images/I/9130NhhqEpL._AC_UF1000,1000_QL80_.jpg"
      },
      {
        "title": "Fast & Furious 6",
        "release_year": 2013,
        "director": "Justin Lin",
        "genre": ["Action", "Crime", "Thriller"],
        "plot": "L'agente Luke Hobbs è all’inseguimento di un'organizzazione internazionale di mercenari criminali, la cui mente, Owen Shaw, è aiutata dal suo caparbio e determinato luogotenente che si rivela essere Letty, creduta morta da Dom. L'unico modo per fermare la squadra di criminali è quello di batterli sulla strada, così Hobbs chiede a Dom di rimettere insieme la propria squadra e di recarsi a Londra per unirsi a lui nella caccia a Owen Shaw. In cambio Hobbs promette l'amnistia a Dom e ai suoi in modo da poter tornare a casa con le proprie famiglie.",
        "artwork": "https://pad.mymovies.it/filmclub/2011/06/227/locandina.jpg"
      },
      {
        "title": "Furious 7",
        "release_year": 2015,
        "director": "James Wan",
        "genre": ["Action", "Crime", "Thriller"],
        "plot": "Dopo aver ferito in modo grave Owen Shaw e aver ucciso tutti i membri della sua squadra di mercenari nel sesto film, Dom, Brian e la loro squadra sono in grado di ritornare negli Stati Uniti e vivere di nuovo la vita normale come avevano desiderato. Ma il fratello maggiore di Owen, Deckard Shaw (Jason Statham) alle spalle di Dom, cerca vendetta per il ferimento di suo fratello, e dopo la morte di Han in The Fast and the Furious: Tokyo Drift, l'equipaggio stabilisce di fermare l'uomo che ha ucciso uno di loro prima che lui li trovi per primi.[11]",
        "artwork": "https://mr.comingsoon.it/imgdb/locandine/big/49946.jpg"
   },
   {
        "title": "The Fate of the Furious",
        "release_year": 2017,
        "director": "F. Gary Gray",
        "genre": ["Action", "Crime", "Thriller"],
        "plot": "Con Dom e Letty in luna di miele e la partenza di Brian e Mia, la squadra sembra aver finalmente trovato la tranquillità tanto desiderata. Ma ovviamente i guai sono dietro l'angolo, e questa volta si manifestano sotto le spoglie della bella e letale Cipher, una spietata terrorista, che riesce a spezzare l'equilibrio della squadra trascinando Dominic dalla sua parte. Per riportarlo alla ragione, Letty, Hobbs e gli altri saranno costretti a chiedere aiuto ad una loro vecchia nemesi, Deckard Shaw.",
     "artwork": "https://pad.mymovies.it/filmclub/2015/05/205/locandina.jpg"
      },
      {
        "title": "F9: The Fast Saga",
        "release_year": 2021,
        "director": "Justin Lin",
        "genre": ["Action", "Adventure", "Crime"],
        "plot": "Dom Toretto conduce una vita tranquilla insieme a Letty e a suo figlio, il piccolo Brian, ma non sa che il pericolo è sempre in agguato. Questa volta, una nuova minaccia costringerà Dom a confrontarsi con il suo passato.",
        "artwork": "https://i.ebayimg.com/images/g/yyYAAOSwnNZhG4Ls/s-l400.jpg"
      },
      {
        "title": "Mission: Impossible - Ghost Protocol",
        "release_year": 2011,
        "director": "Brad Bird",
        "genre": ["Action", "Adventure", "Thriller"],
        "plot": "Dopo essere stati accusati di un attacco terroristico al Cremlino, l'IMF viene sciolto e il suo team viene costretto ad agire sotto copertura per pulire il loro nome. Con il mondo intero che li considera dei traditori, Ethan Hunt e il suo team devono fermare un terrorista nucleare e prevenire una catastrofe globale.",
        "artwork": "https://m.media-amazon.com/images/I/912EjjYBSTL._AC_UF1000,1000_QL80_.jpg"
      },
      {
        "title": "Super Mario Kart",
        "release_year": 1992,
        "platform": ["Super Nintendo Entertainment System"],
        "genre": ["Racing"],
        "plot": "Super Mario Kart è il primo gioco della serie Mario Kart. Offre gare competitive di go-kart con personaggi iconici di Super Mario. I giocatori possono competere in modalità singola o multiplayer e sfidare gli avversari su una varietà di piste tematiche.",
        "artwork":"https://static.posters.cz/image/750/poster/super-mario-kart-retro-i20716.jpg"
      },
      {
        "title": "Mario Kart 64",
        "release_year": 1996,
        "platform": ["Nintendo 64"],
        "genre": ["Racing"],
        "plot": "Mario Kart 64 è il secondo gioco della serie Mario Kart ed è stato il primo a utilizzare grafica 3D. Offre gare frenetiche con nuove piste e modalità di gioco multiplayer. I giocatori possono competere in gare di corsa, battaglie e molto altro ancora.",
        "artwork": "https://upload.wikimedia.org/wikipedia/it/a/ac/Mario-Kart64.jpg"
      },
      {
        "title": "Mario Kart: Double Dash!!",
        "release_year": 2003,
        "platform": ["Nintendo GameCube"],
        "genre": ["Racing"],
        "plot": "Mario Kart: Double Dash!! presenta una nuova meccanica di gioco che consente ai giocatori di guidare in coppia. Ogni veicolo può ospitare due piloti, ognuno con il proprio oggetto da usare contro i rivali. Il gioco offre una vasta gamma di piste e modalità di gioco, incluso il multiplayer locale.",
        "artwork":"https://upload.wikimedia.org/wikipedia/it/e/ec/Mario_Kart-_Double_Dash_copertina.png"
      },
        {
            "title": "The Notebook",
            "release_year": 2004,
            "genre": ["Romance", "Drama"],
            "plot": "Allie ha il morbo di Alzheimer e vive in una casa di cura. Ogni giorno, l'anziano Duke le legge lo stesso libro. Si tratta del diario di una storia d'amore ambientata nella Carolina del Sud negli anni 40",
            "director": "Nick Cassavetes",
            "actors": ["Ryan Gosling", "Rachel McAdams"],
            "artwork": "https://m.media-amazon.com/images/S/pv-target-images/0cd0c375ae97f2b14d3e6acfe4ae072283574906ed4ae42c1e19d5ab215b6439.jpg"
        },
        {
            "title": "A Walk to Remember",
            "release_year": 2002,
            "genre": ["Romance", "Drama"],
            "plot": "Landon è uno studente di liceo in una piccola cittadina della provincia americana: frequenta un gruppo di compagni di scuola svogliati e fannulloni, che spesso si divertono a prendersi gioco di Jamie, la figlia del pastore. Le cose cambiano quando Landon si innamora della ragazza, tranquilla e profondamente religiosa, apparentemente cosi diversa da lui.",
            "director": "Adam Shankman",
            "actors": ["Mandy Moore", "Shane West"],
            "artwork": "https://mr.comingsoon.it/imgdb/locandine/big/38583.jpg"
        },
        {
            "title": "Dear John",
            "release_year": 2010,
            "genre": ["Romance", "Drama"],
            "plot": "Sulle spiagge dell'Atlantico, una studentessa e un soldato si giurano amore eterno, ma qualcosa sta per cambiare per sempre la storia degli Stati Uniti.",
            "director": "Lasse Hallström",
            "actors": ["Channing Tatum", "Amanda Seyfried"],
            "artwork": "https://nientepopcorn.b-cdn.net/film-img/22971-locandina-big.jpg"
        },
        {
            "title": "The Last Song",
            "release_year": 2010,
            "genre": ["Romance", "Drama"],
            "plot": "Una giovane ribelle è costretta a passare l'estate con suo padre. Durante questo periodo, scopre l'amore e riallaccia il rapporto con il padre.",
            "director": "Julie Anne Robinson",
            "actors": ["Miley Cyrus", "Liam Hemsworth"],
            "artwork": "https://pad.mymovies.it/filmclub/2009/11/235/locandina.jpg"
        },
        {
            "title": "The Lucky One",
            "release_year": 2012,
            "genre": ["Romance", "Drama"],
            "plot": "Logan Thibault, un marine sopravvissuto a tre missioni in Iraq, attribuisce la propria buona sorte alla foto di una donna che non ha mai incontrato, ma che porta sempre con sè.",
            "director": "Scott Hicks",
            "actors": ["Zac Efron", "Taylor Schilling"],
            "artwork": "https://www.filmtv.it/imgbank/GALLERYXL/HO/04741814.JPG"
        },
        {
            "title": "Safe Haven",
            "release_year": 2013,
            "genre": ["Romance", "Drama", "Thriller"],
            "plot": "Katie, una giovane donna dal passato misterioso, arriva nella piccola cittadina di Southport nel North Carolina. E' schiva, riluttante ad integrarsi con la comunità locale, e questo suo atteggiamento solleva, tra la gente, domande e dubbi sul suo passato. La donna cambia quando conosce Alex, proprietario di un negozio, vedovo e padre di due figli piccoli. Un oscuro segreto che continua a tormentarla la costringe però a fare una scelta importante e definitiva.",
            "director": "Lasse Hallström",
            "actors": ["Julianne Hough", "Josh Duhamel"],
            "artwork": "https://mr.comingsoon.it/imgdb/locandine/big/49282.jpg"
        },
        {
            "title": "The Best of Me",
            "release_year": 2014,
            "genre": ["Romance", "Drama"],
            "plot": "Il funerale di un amico comune riunisce una coppia di vecchi compagni di scuola, che si riscopre innamorata nonostante siano passati 20 anni.",
            "director": "Michael Hoffman",
            "actors": ["Michelle Monaghan", "James Marsden"],
            "artwork": "https://mr.comingsoon.it/imgdb/locandine/big/51148.jpg"
        },
        {
            "title": "The Longest Ride",
            "release_year": 2015,
            "genre": ["Romance", "Drama"],
            "plot": "Le vite di un giovane cowboy e una studentessa si intrecciano con quelle di una coppia più anziana attraverso una serie di lettere e memorie.",
            "director": "George Tillman Jr.",
            "actors": ["Scott Eastwood", "Britt Robertson"],
            "artwork": "https://m.media-amazon.com/images/I/51v0E3x0YiL._AC_UF1000,1000_QL80_.jpg"
        },
        {
            "title": "The Choice",
            "release_year": 2016,
            "genre": ["Romance", "Drama"],
            "plot": "Due vicini di casa iniziano una relazione che viene messa alla prova da una serie di eventi drammatici e devono fare scelte che cambieranno per sempre le loro vite.",
            "director": "Ross Katz",
            "actors": ["Benjamin Walker", "Teresa Palmer"],
            "artwork": "https://mr.comingsoon.it/imgdb/locandine/big/53004.jpg"
        },
        {
            "title": "Nights in Rodanthe",
            "release_year": 2008,
            "genre": ["Romance", "Drama"],
            "plot": "Due estranei trovano conforto l'uno nell'altro durante un fine settimana tempestoso in una locanda sulla spiaggia, cambiando le loro vite per sempre.",
            "director": "George C. Wolfe",
            "actors": ["Richard Gere", "Diane Lane"],
            "artwork": "https://mr.comingsoon.it/imgdb/locandine/big/1500.jpg"
        },
        {
              "title": "Cloverfield",
              "release_year": 2008,
              "genre": ["Action", "Horror", "Sci-Fi"],
              "plot": "Un gruppo di amici lotta per sopravvivere quando un mostro gigantesco attacca New York City, il tutto documentato attraverso le loro riprese video amatoriali.",
              "director": "Matt Reeves",
              "actors": ["Mike Vogel", "Jessica Lucas", "Lizzy Caplan"],
              "artwork": "https://m.media-amazon.com/images/I/51kUTYCPHtL._AC_UF1000,1000_QL80_.jpg"
          },
          {
              "title": "Let Me In",
              "release_year": 2010,
              "genre": ["Drama", "Horror", "Mystery"],
              "plot": "Un ragazzo solitario fa amicizia con una giovane vampira che si è appena trasferita nel suo quartiere, e deve affrontare le conseguenze di questa relazione unica.",
              "director": "Matt Reeves",
              "actors": ["Kodi Smit-McPhee", "Chloë Grace Moretz", "Richard Jenkins"],
              "artwork": "https://upload.wikimedia.org/wikipedia/en/5/53/Let_Me_In_Poster.jpg"
          },
          {
              "title": "Dawn of the Planet of the Apes",
              "release_year": 2014,
              "genre": ["Action", "Adventure", "Drama"],
              "plot": "Un decennio dopo che un virus ha decimato la popolazione umana, una nazione emergente di scimmie geneticamente evolute guidata da Cesare è minacciata da un gruppo di sopravvissuti umani.",
              "director": "Matt Reeves",
              "actors": ["Andy Serkis", "Jason Clarke", "Gary Oldman"],
              "artwork": "https://m.media-amazon.com/images/I/81aSfdxbYOL._AC_UF1000,1000_QL80_.jpg"
          },
          {
              "title": "War for the Planet of the Apes",
              "release_year": 2017,
              "genre": ["Action", "Adventure", "Drama"],
              "plot": "Cesare e le sue scimmie sono costrette in un conflitto mortale con un esercito umano guidato da un brutale colonnello, che culmina in una guerra epica che determinerà il destino delle due specie.",
              "director": "Matt Reeves",
              "actors": ["Andy Serkis", "Woody Harrelson", "Steve Zahn"],
              "artwork": "https://m.media-amazon.com/images/I/81758-nWjAL._AC_UF1000,1000_QL80_.jpg"
          },
          {
              "title": "The Batman",
              "release_year": 2022,
              "genre": ["Action", "Crime", "Drama"],
              "plot": "Durante il suo secondo anno di lotta contro il crimine, Batman scopre la corruzione a Gotham City mentre affronta il misterioso assassino noto come l'Enigmista.",
              "director": "Matt Reeves",
              "actors": ["Robert Pattinson", "Zoë Kravitz", "Jeffrey Wright"],
              "artwork": "https://www.thebatman.com/images/banner_img_mobile.jpg"
          },
            {
                "title": "The Avengers",
                "release_year": 2012,
                "genre": ["Action", "Adventure", "Sci-Fi"],
                "plot": "Nick Fury dei S.H.I.E.L.D. mette insieme un team di supereroi per formare gli Avengers e salvare il pianeta dalla minaccia di Loki e il suo esercito alieno.",
                "director": "Joss Whedon",
                "actors": ["Robert Downey Jr.", "Chris Evans", "Scarlett Johansson", "Mark Ruffalo", "Chris Hemsworth", "Jeremy Renner"],
                "artwork": "https://m.media-amazon.com/images/I/71Sb4AfzGTL._AC_UF1000,1000_QL80_.jpg"
            },
            {
                "title": "Avengers: Infinity War",
                "release_year": 2018,
                "genre": ["Action", "Adventure", "Sci-Fi"],
                "plot": "Gli Avengers e i loro alleati devono essere disposti a sacrificare tutto nel tentativo di sconfiggere il potente Thanos prima che la sua campagna di devastazione e rovina metta fine all'universo.",
                "director": ["Anthony Russo", "Joe Russo"],
                "actors": ["Robert Downey Jr.", "Chris Evans", "Scarlett Johansson", "Mark Ruffalo", "Chris Hemsworth", "Josh Brolin"],
                "artwork": "https://m.media-amazon.com/images/I/81AsojVUs8L._AC_UF1000,1000_QL80_.jpg"
            },
            [
              {
                  "title": "Harry Potter e la pietra filosofale",
                  "release_year": 2001,
                  "genre": ["Adventure", "Family", "Fantasy"],
                  "plot": "A 11 anni, Harry Potter scopre di essere il figlio orfano di due potenti maghi. Frequenta la scuola di magia e stregoneria di Hogwarts dove scopre la verità su se stesso e sulla morte dei suoi genitori.",
                  "director": "Chris Columbus",
                  "actors": ["Daniel Radcliffe", "Rupert Grint", "Emma Watson"],
                  "artwork": "https://m.media-amazon.com/images/I/81q77Q39nEL._AC_UF1000,1000_QL80_.jpg"
              },
              {
                  "title": "Harry Potter e la camera dei segreti",
                  "release_year": 2002,
                  "genre": ["Adventure", "Family", "Fantasy"],
                  "plot": "Il secondo anno ad Hogwarts si rivela denso di pericoli per Harry Potter e i suoi amici: un mostro misterioso si aggira per la scuola pietrificando i maghi mezzosangue figli di babbani, e tutti incolpano Harry.",
                  "director": "Chris Columbus",
                  "actors": ["Daniel Radcliffe", "Rupert Grint", "Emma Watson"],
                  "artwork": "https://m.media-amazon.com/images/I/818umIdoruL._AC_UF1000,1000_QL80_.jpg"
              },
              {
                  "title": "Harry Potter e il prigioniero di Azkaban",
                  "release_year": 2004,
                  "genre": ["Adventure", "Family", "Fantasy"],
                  "plot": "Harry Potter sta frequentando il terzo anno a Hogwarts e questa volta deve difendersi da un pericoloso assassino, Sirius Black, scappato dalla sorvegliata prigione per maghi di Azkaban e legato alla famiglia del piccolo mago.",
                  "director": "Alfonso Cuarón",
                  "actors": ["Daniel Radcliffe", "Rupert Grint", "Emma Watson"],
                  "artwork": "https://www.ibs.it/images/9788831003407_0_536_0_75.jpg"
              },
              {
                  "title": "Harry Potter and the Goblet of Fire",
                  "release_year": 2005,
                  "genre": ["Adventure", "Family", "Fantasy"],
                  "plot": "Il quarto anno di Harry a Hogwarts è contrassegnato dal torneo di Tremaghi, nel quale i rappresentanti di ogni scuola di magia devono sfidarsi in alcune gare",
                  "director": "Mike Newell",
                  "actors": ["Daniel Radcliffe", "Rupert Grint", "Emma Watson"],
                  "artwork": "https://m.media-amazon.com/images/I/81zeKRGCPpL._AC_UF1000,1000_QL80_.jpg"
              },
              {
                  "title": "Harry Potter and the Order of the Phoenix",
                  "release_year": 2007,
                  "genre": ["Adventure", "Family", "Fantasy"],
                  "plot": "Mentre si trova confinato contro la sua volontà a Privet Drive, Harry scopre che Albus Silente è a capo di una organizzazione segreta che ha il compito di contrapporsi a Lord Voldemort per sconfiggerlo.",
                  "director": "David Yates",
                  "actors": ["Daniel Radcliffe", "Rupert Grint", "Emma Watson"],
                  "artwork": "https://static.posters.cz/image/750/69610.jpg"
              }
          ]
          
    
        
      ]
  }
  