[{
    "_id": {
      "$oid": "62b236b41c6012e3b64f86b3"
    },
    "firstName": "Gruppo",
    "lastName": "Web",
    "type": "Admin",
    "email": "admin@gmail.com",
    "password": "$2b$10$cbDvr4KnCJEATWHPkEYkg.U7IU.ntRPBsJFUtMZ7bwS/efrXOddcO",
    "__v": 0,
    "cookieJWToken": "eyJhbGciOiJIUzI1NiIsInR5cCI6IkpXVCJ9.eyJ1c2VybmFtZSI6InN1cGVydXNlckBnbWFpbC5jb20iLCJpYXQiOjE2NTY1MTQwMDIsImV4cCI6MTY1NjYwMDQwMn0.83CfToA2iCU6VgUhTedjVqkIoQ9C2K8B8Ih2LHAG304"
    },{
    "_id": {
      "$oid": "62b236fa1c6012e3b64f86b6"
    },
    "firstName": "Orazio",
    "lastName": "Or",
    "type": "User1",
    "email": "user1@gmail.com",
    "password": "$2b$10$JTpLVZya4k4cumKn2ubgvuuekKBwEMhbppx3WLVP2qNTUu1R7HWYW",
    "__v": 0
  },{
    "_id": {
      "$oid": "62b2370e1c6012e3b64f86b9"
    },
    "firstName": "Marianna",
    "lastName": "Mar",
    "type": "User2",
    "email": "user2@gmail.com",
    "password": "$2b$10$TrXUrAkVMbsc45UtCxl7ZOOE3X1IjnPzq7NmEqlkIsUVJiSBS5TFe",
    "__v": 0
  },{
    "_id": {
      "$oid": "62b2371f1c6012e3b64f86bc"
    },
    "firstName": "Domenico",
    "lastName": "Dom",
    "type": "User3",
    "email": "user3@gmail.com",
    "password": "$2b$10$c5lG7hI1ro6OEYyx57GJHeINFtK0JjCwnw4knzHnBVuZc1DBPqKWS",
    "__v": 0,
    "cookieJWToken": "eyJhbGciOiJIUzI1NiIsInR5cCI6IkpXVCJ9.eyJ1c2VybmFtZSI6ImNsaWVudEBnbWFpbC5jb20iLCJpYXQiOjE2NTU4NDcxMjYsImV4cCI6MTY1NTkzMzUyNn0.-hq0tc4XUH0Ql58KoN7OkWoHo1SStQXB1vj8RvsSrDA"
  }]