{
    "collections": [
      {
        "id": 1,
        "type": "Lista",
        "title": "Video che ti piacciono",
        "date": 2024,
          "items": [
          {
            "title": "The Fast and the Furious",
            "director": "Rob Cohen",
            "artwork": "https://i.ebayimg.com/images/g/WFsAAOSwlRdgWV~4/s-l1600.jpg",
            "length": 47
          },
          {
            "title": "War for the Planet of the Apes",
            "director": "Matt Reeves",
            "artwork": "https://m.media-amazon.com/images/I/81758-nWjAL._AC_UF1000,1000_QL80_.jpg",
            "length": 200
          },
          {
            "title": "Nights in Rodanthe",
            "director": "George C. Wolfe",
            "artwork": "https://mr.comingsoon.it/imgdb/locandine/big/1500.jpg",
            "length": 120
          },
        {
          "title": "Cloverfield",
          "director": "Matt Reeves",
          "artwork": "https://m.media-amazon.com/images/I/51kUTYCPHtL._AC_UF1000,1000_QL80_.jpg",
          "length": 158
        }
            ]
      },
      {
        "id": 2,
        "type": "Lista",
        "title": "Da vedere The Fast and the Furious",
        "date": 2024,
        "items": [
          {
           "title": "Fast Five",
          "director": "Justin Lin",
          "artwork": "https://m.media-amazon.com/images/I/9130NhhqEpL._AC_UF1000,1000_QL80_.jpg",
          "length": 120
      
        },
      {
        "title": "Fast & Furious 6",
        "release_year": 2013,
        "artwork": "https://pad.mymovies.it/filmclub/2011/06/227/locandina.jpg",
        "length": 160
      },
      {
        "title": "Furious 7",
        "release_year": 2015,
        "artwork": "https://mr.comingsoon.it/imgdb/locandine/big/49946.jpg",
        "length": 200
   }
        ]
      },
    {
        "id": 3,
        "type": "Film romantici",
        "items": [
          {
            "title": "Dear John",
            "director": "Lasse Hallström",
            "artwork": "https://nientepopcorn.b-cdn.net/film-img/22971-locandina-big.jpg",
            "length": 157
          },
        {
            "title": "The Last Song",
            "director": "Julie Anne Robinson",
            "artwork": "https://pad.mymovies.it/filmclub/2009/11/235/locandina.jpg",
            "length": 157
          },
        {
            "title": "The Lucky One",
            "director": "Scott Hicks",
            "artwork": "https://www.filmtv.it/imgbank/GALLERYXL/HO/04741814.JPG",
            "length": 185
          },
        {
            "title": "Safe Haven",
           "director": "Lasse Hallström",
            "artwork": "https://mr.comingsoon.it/imgdb/locandine/big/49282.jpg",
            "length": 156
          },
        {
            "title": "The Best of Me",
            "director": "Michael Hoffman",
            "artwork": "https://mr.comingsoon.it/imgdb/locandine/big/51148.jpg",
            "length": 114
          }
        ]
      },
      {
        "id": 4,
        "type": "Giochi prenotati",
        "items": [
          {
            "title": "Mario Kart: Double Dash!!",
            "artwork":"https://upload.wikimedia.org/wikipedia/it/e/ec/Mario_Kart-_Double_Dash_copertina.png"
        },
          {
            "title": "Mission: Impossible - Ghost Protocol",
            "artwork": "https://m.media-amazon.com/images/I/912EjjYBSTL._AC_UF1000,1000_QL80_.jpg"
           }
        ]
      },
      {
        "id": 4,
        "type": "Film vari da vedere in futuro",
        "items": [
          {
            "title": "Avengers: Infinity War",
            "director": ["Anthony Russo", "Joe Russo"],
            "artwork": "https://m.media-amazon.com/images/I/81AsojVUs8L._AC_UF1000,1000_QL80_.jpg",
            "length": 114
          },
          {
            "title": "Nights in Rodanthe",
            "director": "George C. Wolfe",
            "artwork": "https://mr.comingsoon.it/imgdb/locandine/big/1500.jpg",
            "length":154
        },
        {
          "title": "The Lucky One",
          "director": "Scott Hicks",
          "artwork": "https://www.filmtv.it/imgbank/GALLERYXL/HO/04741814.JPG",
          "length":175
        },
        {
          "title": "A Walk to Remember",
          "director": "Adam Shankman",
          "artwork": "https://mr.comingsoon.it/imgdb/locandine/big/38583.jpg",
          "length":145
      },
      {
        "title": "Harry Potter and the Order of the Phoenix",
        "director": "David Yates",
        "artwork": "https://static.posters.cz/image/750/69610.jpg",
        "length":168
    }
        ]
      }
    ]
  }
  